latitude,longitude,altitude,geometry,coordinates,NDVI_max,NDVI_mean,NDVI_min,NDVI_stdDev,area_name,full_coordinates,geometry_type
,,,Polygon,"55.52306880513846,25.27892224495855,55.52950610677421,25.288739704492663,55.536758241704696,25.2984397291951,55.54289569417654,25.307247140342774,55.54358989353386,25.310602688465835,55.54376913295197,25.313958235302405,55.524558064310796,25.316888383155174,55.505431788741994,25.320514335918226,55.50483097392266,25.31822556004831,55.49671944807493,25.306917502724335,55.48830905937457,25.29570595848976,55.52306880513846,25.27892224495855",0.7109884596086302,0.1014891782936124,-0.04940210170310424,0.10787889303246997,muwaileh_suburb,"55.52306880513846,25.27892224495855,55.5295061067742,25.288739704492663,55.5367582417047,25.298439729195103,55.54289569417654,25.307247140342774,55.54358989353386,25.310602688465835,55.54376913295197,25.313958235302405,55.5245580643108,25.316888383155174,55.505431788741994,25.320514335918226,55.50483097392266,25.31822556004831,55.49671944807493,25.30691750272433,55.48830905937457,25.295705958489762,55.52306880513846,25.27892224495855",polygon
,,,Polygon,"55.38175533670663,25.34885569558319,55.38478086847544,25.352927879945508,55.37898729700327,25.35725200178246,55.37855814356089,25.356573338182795,55.37825773615123,25.355138436887135,55.378365024511815,25.354324025873634,55.38044445016049,25.350569267378635,55.38175533670663,25.34885569558319",0.6100527886160202,0.07439392743059982,-0.061632155907429965,0.10380555293966662,jubail,"55.38175533670664,25.34885569558319,55.38478086847544,25.35292787994551,55.37898729700327,25.357252001782456,55.37855814356089,25.356573338182795,55.37825773615122,25.355138436887135,55.378365024511815,25.354324025873634,55.38044445016049,25.350569267378635,55.38175533670664,25.34885569558319",polygon
,,,Polygon,"55.42287711212579,25.333211858828925,55.42375687533498,25.33342519462353,55.43465736073034,25.348541976430905,55.434914852364635,25.349671533003917,55.43472173348053,25.350781698019404,55.43064485390484,25.353787341085244,55.42693260724329,25.355610047769893,55.41940090012789,25.35459599406179,55.41216974568697,25.353620344057155,55.40504580624229,25.343653013003525,55.42287711212579,25.333211858828925",0.6696436965309768,0.08204583471670931,-0.04795204795204795,0.09201337774432154,halwan,"55.42287711212578,25.333211858828925,55.42375687533498,25.33342519462353,55.434657360730334,25.348541976430905,55.434914852364635,25.349671533003917,55.434721733480536,25.350781698019404,55.43064485390484,25.353787341085248,55.42693260724329,25.355610047769893,55.41940090012788,25.354595994061786,55.41216974568697,25.353620344057155,55.405045806242285,25.343653013003525,55.42287711212578,25.333211858828925",polygon
,,,Polygon,"55.45137981899186,25.316535800521102,55.46398681853489,25.332841155160143,55.46364349578097,25.335168442490147,55.45703453276828,25.340210744833023,55.44879478667453,25.344477144229575,55.437293474418674,25.349674191109923,55.43531936858371,25.349208793030087,55.42356056426243,25.33291873212551,55.45137981899186,25.316535800521102",0.6693140794223826,0.10038302636408644,-0.046877828054298645,0.11836984303733694,mughaider_suburb,"55.45137981899186,25.316535800521102,55.463986818534885,25.332841155160143,55.46364349578098,25.335168442490147,55.45703453276828,25.340210744833023,55.44879478667453,25.344477144229575,55.437293474418674,25.349674191109923,55.43531936858371,25.349208793030087,55.423560564262424,25.33291873212551,55.45137981899186,25.316535800521102",polygon
,,,Polygon,"55.3890903860845,25.321992760119258,55.39237566350164,25.325465346529967,55.39496251027634,25.328287738078146,55.39475990632932,25.329655476531528,55.38947112003007,25.337722468429313,55.38687675185924,25.345814128674764,55.38284270820726,25.349770067570507,55.36949603185703,25.33062143797884,55.37099806940055,25.330233545205804,55.37295072921149,25.329593528101817,55.374602959471964,25.328759541190056,55.37758544397511,25.324861302138697,55.37945216360618,25.3206720311807,55.38063212625666,25.31601723523746,55.381018364478464,25.3152025606465,55.382520402007884,25.314931001231837,55.3890903860845,25.321992760119258",0.699210475640285,0.005390890505497737,-0.2477829942618675,0.19427852199508125,majaz,"55.38909038608449,25.321992760119254,55.39237566350164,25.325465346529967,55.39496251027634,25.328287738078142,55.39475990632933,25.329655476531528,55.38947112003007,25.337722468429313,55.38687675185924,25.345814128674764,55.38284270820725,25.349770067570507,55.36949603185703,25.33062143797884,55.37099806940055,25.330233545205804,55.37295072921148,25.32959352810182,55.374602959471964,25.328759541190056,55.37758544397511,25.324861302138697,55.37945216360618,25.3206720311807,55.38063212625666,25.316017235237464,55.38101836447847,25.315202560646497,55.382520402007884,25.314931001231837,55.38909038608449,25.321992760119254",polygon
,,,Polygon,"55.46052534733913,25.278532048330444,55.47228415166042,25.273875253016314,55.48847285173297,25.295600097967835,55.49651758048001,25.30681388965903,55.504421025931784,25.317538940183557,55.505530460282884,25.320776114366883,55.49325667183074,25.324034628840494,55.478407962724305,25.328301598519246,55.467249973222344,25.33326661027225,55.46424589912566,25.33303387989596,55.43674278961688,25.296137508309094,55.46052534733913,25.278532048330444",0.7180837289598619,0.12467577564885572,-0.1499735029146794,0.15255469081028658,zahia,"55.46052534733913,25.27853204833044,55.47228415166042,25.273875253016314,55.48847285173297,25.295600097967835,55.49651758048001,25.30681388965903,55.504421025931784,25.317538940183557,55.50553046028289,25.320776114366886,55.49325667183074,25.324034628840494,55.4784079627243,25.32830159851925,55.467249973222344,25.33326661027225,55.464245899125665,25.333033879895957,55.43674278961687,25.296137508309098,55.46052534733913,25.27853204833044",polygon
,,,Polygon,"55.405205811973254,25.343556788633478,55.39541045595313,25.32873113577679,55.43633601991789,25.297096453767974,55.43743036188403,25.297212853614507,55.451234708990846,25.31647311364415,55.40534742995975,25.343489814020327,55.405205811973254,25.343556788633478",0.671521319529742,0.03457872911055538,-0.09431192660550458,0.07447676358397916,industrial,"55.405205811973254,25.343556788633478,55.39541045595313,25.32873113577679,55.43633601991789,25.29709645376797,55.437430361884026,25.297212853614507,55.451234708990846,25.31647311364415,55.405347429959754,25.343489814020327,55.405205811973254,25.343556788633478",polygon
,,,Polygon,"55.4723117603078,25.274057936401597,55.509918930741996,25.25969150120688,55.51978633512498,25.274079228723537,55.52295999128306,25.279152737395304,55.48850963727302,25.295706201625077,55.4723117603078,25.274057936401597",0.65748649119749,0.08618627016805376,-0.09924363969745588,0.08563060012588497,noaf,"55.47231176030779,25.2740579364016,55.509918930741996,25.259691501206877,55.51978633512498,25.274079228723537,55.52295999128305,25.279152737395304,55.488509637273026,25.29570620162508,55.47231176030779,25.2740579364016",polygon
,,,Polygon,"55.386933977195355,25.34580425246001,55.389508960063175,25.337697974829663,55.39019554335747,25.336573227452465,55.39302795607719,25.338745296699315,55.39852899663654,25.34696623323256,55.398193774963204,25.34851615166835,55.3912414891966,25.352316872010388,55.39091962700527,25.353150685415475,55.39021152093488,25.35380997946293,55.38697141244489,25.35555514662279,55.382915912414376,25.349757216342407,55.386933977195355,25.34580425246001",0.7069399496583962,0.0652573294784666,-0.09845053635280096,0.15461680892585958,qasmiyah,"55.386933977195355,25.34580425246001,55.38950896006317,25.33769797482966,55.390195543357464,25.33657322745247,55.39302795607719,25.33874529669932,55.39852899663655,25.34696623323256,55.398193774963204,25.34851615166835,55.3912414891966,25.352316872010388,55.39091962700527,25.353150685415475,55.39021152093488,25.35380997946293,55.38697141244489,25.35555514662279,55.382915912414376,25.349757216342407,55.386933977195355,25.34580425246001",polygon
,,,Polygon,"55.39603345362663,25.329509789925556,55.40505328805902,25.343603769969615,55.39916315706232,25.347065285723342,55.39850869806269,25.347036197768375,55.392997782409466,25.338774626012153,55.39022091202275,25.3366616536977,55.39509180359381,25.32923366342836,55.39603345362663,25.329509789925556",0.6499684087011464,0.01869773880983525,-0.09254709254709255,0.06571863462596242,abushagarah,"55.39603345362663,25.32950978992556,55.40505328805902,25.343603769969615,55.39916315706232,25.347065285723346,55.398508698062685,25.347036197768375,55.392997782409466,25.338774626012153,55.390220912022755,25.336661653697703,55.3950918035938,25.32923366342836,55.39603345362663,25.32950978992556",polygon
,,,Polygon,"55.405070418942934,25.34373424481219,55.411207313169,25.352770813017926,55.40505188850139,25.35615318177153,55.40404337554413,25.356385870149058,55.40320652869914,25.35553268384747,55.39861458686564,25.348706996522232,55.39900082496379,25.347310785744536,55.405070418942934,25.34373424481219",0.6554880896777207,0.054445570081213604,-0.04975241688281066,0.0700966452626542,yarmouk,"55.405070418942934,25.34373424481219,55.41120731316901,25.352770813017926,55.40505188850139,25.35615318177153,55.40404337554413,25.356385870149058,55.403206528699144,25.355532683847468,55.39861458686565,25.348706996522232,55.39900082496379,25.347310785744536,55.405070418942934,25.34373424481219",polygon
,,,Polygon,"55.39091768800157,25.353567442910226,55.39149704481855,25.352248853588343,55.39587444322026,25.3497571075236,55.39842786842808,25.348389958356893,55.40313108565345,25.355422330877435,55.40405794051944,25.356462871726393,55.40188605651896,25.35791169403354,55.399735575332826,25.3595737760173,55.39867838232047,25.360296421933676,55.39728858333521,25.361135397083363,55.395132088595105,25.360175603113145,55.39091768800157,25.353567442910226",0.6705258506407423,0.06298169853885212,-0.09259814204375187,0.10494120217188316,mussalla,"55.39091768800157,25.353567442910222,55.39149704481855,25.352248853588343,55.395874443220265,25.3497571075236,55.39842786842809,25.348389958356897,55.40313108565345,25.355422330877435,55.40405794051944,25.356462871726396,55.40188605651896,25.357911694033536,55.399735575332826,25.3595737760173,55.39867838232047,25.360296421933672,55.39728858333521,25.36113539708337,55.3951320885951,25.360175603113145,55.39091768800157,25.353567442910222",polygon
,,,Polygon,"55.39081568651525,25.353552732737587,55.392311235723604,25.355734573419277,55.395180197412664,25.360282020819092,55.39490126066018,25.360437147447154,55.39316319395309,25.36127091006604,55.390931578333074,25.36229854820476,55.38859269207209,25.358032777510235,55.386897535974676,25.355570195898547,55.39081568651525,25.353552732737587",0.4761061946902655,0.03314606568724133,-0.09791044776119404,0.0826438613978091,ghuwair,"55.39081568651525,25.353552732737587,55.392311235723604,25.35573457341928,55.395180197412664,25.360282020819092,55.39490126066017,25.360437147447154,55.39316319395309,25.36127091006604,55.390931578333074,25.36229854820476,55.38859269207209,25.358032777510235,55.386897535974676,25.355570195898547,55.39081568651525,25.353552732737587",polygon
